Business_Name,Open_Hours,Open_Status,Phone,Postal_Code,Rating,Website
AM PM Plumbing,"Mon--8:00 am - 5:00 pm
Tue--8:00 am - 5:00 pm
Wed--8:00 am - 5:00 pm
Thu--8:00 am - 5:00 pm
Fri--8:00 am - 5:00 pm
Sat--Closed
Sun--Closed",Closed now,(515) 512-9975,"701 Railroad Ave,West Des Moines, IA 50265",,ampmplumbingdsm.com
Pipe Monkey Plumbing,"Mon--7:00 am - 4:00 pm
Tue--7:00 am - 4:00 pm
Wed--7:00 am - 4:00 pm
Thu--7:00 am - 4:00 pm
Fri--7:00 am - 4:00 pm
Sat--Closed
Sun--Closed",Closed now,(515) 266-1221,"1300 S Pleasant Hill Blvd,Pleasant Hill, IA 50327",,pipemonkeyplumbing.com
Noble plumbing,"Mon--8:00 am - 6:00 pm
Tue--8:00 am - 6:00 pm
Wed--8:00 am - 6:00 pm
Thu--8:00 am - 6:00 pm
Fri--8:00 am - 6:00 pm
Sat--8:00 am - 6:00 pm
Sun--8:00 am - 6:00 pm",Closed now,(515) 418-5256,"7205 SW 16th St,Des Moines, IA 50315",,nobleplumbingdsm.com
Thrasher Service,"Mon--7:30 am - 4:30 pm
Tue--7:30 am - 4:30 pm
Wed--7:30 am - 4:30 pm
Thu--7:30 am - 4:30 pm
Fri--7:30 am - 4:30 pm
Sat--Closed
Sun--Closed",Closed now,(515) 262-2229,"3012 E 14th St,Des Moines, IA 50316",,thrasherservice.com
Smith's Sewer Service,"Mon--Open 24 hours
Tue--Open 24 hours
Wed--Open 24 hours
Thu--Open 24 hours
Fri--Open 24 hours
Sat--Open 24 hours
Sun--Open 24 hours",Open now,(515) 348-2989,"4620 NW 62nd Ave,Johnston, IA 50131",,smithssewerservice.com
Des Moines Drain & Sewer Cleaning Service,"Mon--8:00 am - 5:00 pm
Tue--8:00 am - 5:00 pm
Wed--8:00 am - 5:00 pm
Thu--8:00 am - 5:00 pm
Fri--8:00 am - 5:00 pm
Sat--8:00 am - 5:00 pm
Sun--8:00 am - 5:00 pm",Closed now,(515) 346-8619,"6666 NW 4th St,Des Moines, IA 50313",,
"Schaal Plumbing, Heating and Cooling","Mon--Open 24 hours
Tue--Open 24 hours
Wed--Open 24 hours
Thu--Open 24 hours
Fri--Open 24 hours
Sat--Open 24 hours
Sun--Open 24 hours",Open now,(515) 288-3631,"5670 NW Beaver Ave,Johnston, IA 50131",,callschaalyaall.com
Complete Plumbing Services,"Mon--12:00 am - 11:55 pm
Tue--12:00 am - 11:55 pm
Wed--12:00 am - 11:55 pm
Thu--12:00 am - 11:55 pm
Fri--12:00 am - 11:55 pm
Sat--12:00 am - 11:55 pm
Sun--12:00 am - 11:55 pm",Open now,(515) 809-5221,"790 NW 66th Ave,Des Moines, IA 50313",,completeplumbingservices.com
Cook Plumbing Corporation - West Des Moines,"Mon--7:30 am - 4:00 pm
Tue--7:30 am - 4:00 pm
Wed--7:30 am - 4:00 pm
Thu--7:30 am - 4:00 pm
Fri--7:30 am - 3:30 pm
Sat--Closed
Sun--Closed",Closed now,(515) 418-9738,"1425 Fuller Rd,West Des Moines, IA 50265",,
Greenwood's Sewer Service,"Mon--Open 24 hours
Tue--Open 24 hours
Wed--Open 24 hours
Thu--Open 24 hours
Fri--Open 24 hours
Sat--Open 24 hours
Sun--Open 24 hours",Open now,(515) 285-9713,"Des Moines, IA 50321",,greenwoodssewer.com
Loren The Plumber,"Mon--9:00 am - 5:00 pm
Tue--9:00 am - 5:00 pm
Wed--9:00 am - 5:00 pm
Thu--9:00 am - 5:00 pm
Fri--9:00 am - 5:00 pm
Sat--Closed
Sun--Closed",Closed now,(515) 650-9082,"Des Moines, IA 50310",,
DDS Plumbing,"Mon--Open 24 hours
Tue--Open 24 hours
Wed--Open 24 hours
Thu--Open 24 hours
Fri--Open 24 hours
Sat--Open 24 hours
Sun--Open 24 hours",Open now,(515) 979-4095,"2335 Williams St,Des Moines, IA 50317",,
Benjamin Franklin Plumbing,"Mon--7:30 am - 5:00 pm
Tue--7:30 am - 5:00 pm
Wed--7:30 am - 5:00 pm
Thu--7:30 am - 5:00 pm
Fri--7:30 am - 5:00 pm
Sat--Closed
Sun--Closed",Closed now,(515) 996-4476,"409 S Bell Ave,Ames, IA 50010",,benfranklinclarksville.com
Park Avenue Plumbing,"Mon--Open 24 hours
Tue--Open 24 hours
Wed--Open 24 hours
Thu--Open 24 hours
Fri--Open 24 hours
Sat--Open 24 hours
Sun--Open 24 hours",Open now,(515) 346-8369,"712 Park Ave,Des Moines, IA 50315",,
Brooker Plumbing Heating & AC,"Mon--8:00 am - 5:00 pm
Tue--8:00 am - 5:00 pm
Wed--8:00 am - 5:00 pm
Thu--8:00 am - 5:00 pm
Fri--8:00 am - 5:00 pm
Sat--Closed
Sun--Closed",Closed now,(641) 792-2387,"200 N 8th Ave E,Newton, IA 50208",,
Resource Services,"Mon--12:00 am - 11:30 pm
Tue--12:00 am - 11:30 pm
Wed--12:00 am - 11:30 pm
Thu--12:00 am - 11:30 pm
Fri--12:00 am - 11:30 pm
Sat--12:00 am - 11:30 pm
Sun--12:00 am - 11:30 pm",Open now,(515) 266-9900,"1647 NE 55th Ave,Des Moines, IA 50021",,resourceservices.us
Contractors Plumbing,"Mon--7:00 am - 4:00 pm
Tue--7:00 am - 4:00 pm
Wed--7:00 am - 4:00 pm
Thu--7:00 am - 4:00 pm
Fri--7:00 am - 4:00 pm
Sat--Closed
Sun--Closed",Closed now,(515) 266-4606,"4377 NE 14th St,Des Moines, IA 50313",,
